id,curated_file,original_file,title,authors,year,tags
multi-agv-path-planning-search-rescue,literature/papers/multi-agv-path-planning-search-rescue.pdf,a138-ghoneim final.pdf,Metaheuristic Optimization for Multi-AGV Path Planning in Search and Rescue Missions,Arwa H. Ghoneim; Ahmed M. Elsoda; Heba A. Abdelmawla; Khaled Elbadawy; Linah Tamer; Lobna Tarek; Jessica Magdy; Omar M. Shehata,,agv; search-and-rescue; path-planning; metaheuristics
vehicle-routing-v2g-scheduling,literature/papers/vehicle-routing-v2g-scheduling.pdf,a27-alfarrash final.pdf,Metaheuristic Optimization for Vehicle Routing and V2G Scheduling in Electrical Vehicle Fleet Network,Rahaf M. Alfarrash; Arwa H. Khattab; Roba Hesham; Hana Elmalah; Menna Wahba; Jessica Magdy; Omar M. Shehata,,vehicle-routing; electric-vehicles; v2g; scheduling; metaheuristics
multi-uav-task-assignment-firefighting,literature/papers/multi-uav-task-assignment-firefighting.pdf,a28-elmaghraby final.pdf,Optimizing Multi-UAV Cooperative Task Assignment for Fire Extinguishing Missions,Ziad Elmaghraby; Refat Tamer; Mohamed Wazery; Abdelrahman Zakzouk; Jessica Magdy; Omar M. Shehata,,uav; task-assignment; firefighting; metaheuristics
comparative-metaheuristics-multi-robot-sar,literature/papers/comparative-metaheuristics-multi-robot-sar.pdf,a33-ehab final.pdf,Comparative Analysis of Meta-Heuristic Algorithms for Multi-Robot Search and Rescue,Nada Ehab; Farah Khaled; Martin Morcos; Ibrahim Abdelaty; Abdelrahman Y. Altaher; Omar M. Shehata,,multi-robot; search-and-rescue; path-planning; comparative-study
heterogeneous-fleet-navigation-optimization,literature/papers/heterogeneous-fleet-navigation-optimization.pdf,a38-abbas final.pdf,Metaheuristic-Based Navigation Optimization for Heterogeneous Autonomous Vehicle Fleets,Seifeldin Abbas; Rasheed Atia; Yassin Otifa; Jessica Magdy; Omar M. Shehata,,vehicle-routing; heterogeneous-fleet; navigation; metaheuristics
weather-adaptive-task-allocation-disaster,literature/papers/weather-adaptive-task-allocation-disaster.pdf,a39-elharridy final.pdf,Weather-Adaptive Task Allocation for Vehicle Fleets in Disaster Relief Operations: A Multi-Scenario Optimization Framework,Omar ElHarridy; Mohamed Elmenshawy; Ahmed Gasser; Mahmoud Hebishy; Abdelrahman Sayed; Aly Ibrahim; Jessica Magdy; Omar Shehata,,vehicle-fleet; task-allocation; disaster-relief; multi-scenario
multi-robot-delivery-smart-hotels,literature/papers/multi-robot-delivery-smart-hotels.pdf,a42-abdallah final.pdf,Optimizing Multi-Robot Delivery in Smart Hotels: A Multi-Objective Metaheuristic Approach,Seif Abdallah; Yahia Abdelraheem; Nour Eldin Daoud; Abdelrahman Mohamed Wael; Ahmed Elkot; Youssef Maged; Jessica Magdy; Omar Shehata,,multi-robot; task-allocation; delivery; multi-objective
adaptive-exploration-routing-optimization,literature/papers/adaptive-exploration-routing-optimization.pdf,a50-mostafa final.pdf,Meta-heuristic Adaptive Exploration Strategy Through Routing Optimization,Ahd Mostafa; Amr Hegazy; Fathy Metwally; Mohamed Wael; Yousef Elbrolosy; Ziad Abdelrahman; Abdelrahman Y. Altaher; Omar M. Shehata,,multi-robot; exploration; path-planning; adaptive-selection
hybrid-energy-system-planning,literature/papers/hybrid-energy-system-planning.pdf,a62-mahdi final.pdf,Hybrid Energy System Planning: Optimizing Solar and Wind Power for Maximum Efficiency and Cost Reduction,Seif Mahdi; Abdulrahman Yasser; Omar Hashem; Ahmed Hatem; Jessica Magdy; Omar M. Shehata,,energy; renewable; solar; wind; cost-optimization
waste-collection-ugv-optimization,literature/papers/waste-collection-ugv-optimization.pdf,a94-ahmed final.pdf,Route to Clean Cities: Waste Collection Optimization with UGVs,Farah Ahmed; Hoor Amr; Marwan Khalil; Maryam Mohamed; Youssef Amir; Ziad Yasser; Jessica Magdy; Omar M. Shehata,,ugv; waste-collection; routing; metaheuristics
warehouse-tlbo-task-allocation-routing,literature/papers/warehouse-tlbo-task-allocation-routing.pdf,Development_and_Evaluation_of_Various_Optimization_Techniques_for_Multi_Robot_Task_Allocation_and_Routing_in_Warehouse_Settings.pdf,Development and Evaluation of Various Optimization Techniques for Multi-Robot Task Allocation and Routing in Warehouse Settings,Rana M. Talaat; Sama Tamer; Menna Walaa; Aya Walid; Dalia M. Mahfouz; Omar M. Shehata,,warehouse; task-allocation; routing; tlbo
rsu-placement-reinforcement-learning,literature/papers/rsu-placement-reinforcement-learning.pdf,Final_Draft.pdf,Reinforcement Learning Based Optimization Technique for Road-Side-Units (RSUs) Placement along a Highway,Mohamed Sabry; Mohammed Saeed; Shaheer Sherif; Mariam Fathi; Lina Ghonim; Youssef Mahran; Mohamed Ibrahim; Omar M. Shehata,,vanet; rsu-placement; reinforcement-learning; transportation
coordinated-defense-target-attacker-defender,literature/papers/coordinated-defense-target-attacker-defender.pdf,ICEENG_IPCS_overleaf.pdf,Coordinated Defense via Multiagent Optimization in Distributed Target-Attacker-Defender Games,Ahmed Y. Gado; Yousef Y. Mohamed; Abdelrahman M. M. Mohammed; Mohamed O. Abdelal; Youssef A. Abdelaziz; Abdelrahman A. Zidan; Mohamed A. Ibrahim; Omar M. Shehata,,multi-agent; defense; game-theory; uav
food-production-scheduling-optimization,literature/papers/food-production-scheduling-optimization.pdf,Metaheuristic_Optimization_for_Efficient_Food_Production_Scheduling (1).pdf,Metaheuristic Optimization for Efficient Food Production Scheduling,Aseel Abdelkareem; Rawan Hegazy; Ganna Moahmed; Jessica Magdy; Omar M. Shehata,,scheduling; manufacturing; food-production; metaheuristics
multi-robot-sar-scaling-exploration,literature/papers/multi-robot-sar-scaling-exploration.pdf,Multi_Robot_Exploration___Mapping__Search_And_Rescue__final.pdf,Scaling Multi-Robot Search and Rescue: A Comparative Study of Metaheuristic Exploration Methods,Diana Elzeftawy; Ethar Hany; Jana Saad; Mariam Gafar; Mennah M. Shaker; Nabila Ataby; Jessica Magdy; Omar M. Shehata,2026,multi-robot; search-and-rescue; exploration; comparative-study
multi-uav-trajectory-task-allocation-disaster,literature/papers/multi-uav-trajectory-task-allocation-disaster.pdf,Multi_UAV_Trajectory_Planning_and_Task_Allocation_for_Disaster_Rescue_Operations_Final.pdf,Multi-UAV Trajectory Planning and Task Allocation for Disaster Rescue Operations,Yousra M. Aljifri; Sarah H. Shaaban; Farida B. El-Saadawy; Yousef H. Ali; Youssof M. Awad; Youssef M. El-Khawanky; Dalia M. Mahfouz; Omar M. Shehata,,uav; trajectory-planning; task-allocation; disaster-relief
multi-agent-racing-tire-wear,literature/papers/multi-agent-racing-tire-wear.pdf,Optimization_Akher_Wahda-1.pdf,Multi-Agent Racing Trajectory Optimization with Tire Wear Awareness: A Comparison of Reinforcement Learning and Metaheuristic Methods,Farida Gamal; Sara Alajmy; Salma Elhabashy; Ziad ElGendy; Farah Eltaher; Omar Ayoub; Mohamed A. Ibrahim; Omar M. Shehata,,multi-agent; racing; trajectory-optimization; reinforcement-learning
multi-agv-airport-baggage-scheduling,literature/papers/multi-agv-airport-baggage-scheduling.pdf,Optimization of Multi-AGV Scheduling for Airport Baggage Handling.pdf,Optimization of Multi-AGV Scheduling for Airport Baggage Handling,Abdallah Ahmed Hassan; Abdelrahman Ewida; Haidy Ehab Elkenawy; Abdulrahman Bassem Bahy; Karim Mohamed Fathy; Dalia M. Mahfouz; Omar M. Shehata,,agv; scheduling; airport-logistics; metaheuristics
wind-farm-layout-optimization,literature/papers/wind-farm-layout-optimization.pdf,PA044-10.4.pdf,Advancing Sustainable Energy: Analyzing Stochastic Algorithms and Q-Learning for Wind Farm Layout Optimization,Mohamed Elsheikh; Amr Yonis; Jessica Magdy; Omar M. Shehata,,energy; wind-farm; layout-optimization; reinforcement-learning
autonomous-intersection-management-aimp,literature/papers/autonomous-intersection-management-aimp.pdf,paper ID 552.pdf,Autonomous Intersection Management Platform (AIMP): Metaheuristic Optimization for Traffic Scheduling,Ahmed Mostafa; Hazim Ashraf; Gasser Emara; Michael Hany; Kirolous Magdy; Mazen Amr; Dalia M. Mahfouz; Omar M. Shehata,,traffic; intersection-management; scheduling; metaheuristics
mrta-metaheuristic-performance-evaluation,literature/papers/mrta-metaheuristic-performance-evaluation.pdf,Performance_Evaluation_of_Meta_Heuristic_Algorithms_for_Multi_Robot_Task_Allocation.pdf,Performance Evaluation of Meta-Heuristic Algorithms for Multi-Robot Task Allocation,Mohammed Hany; Karim Hassan; Jessica Magdy; Omar M. Shehata,2026,multi-robot; task-allocation; comparative-study; metaheuristics
